object_name,count,last_modified
models/models/utils/database.py,11,2025-04-03T22:09:17+00:00
models/models/run_steps.py,10,2025-03-31T18:04:58+00:00
models/models/runs.py,10,2025-03-04T20:29:33+00:00
mrp/requirements.txt,9,2024-10-18T16:11:51+00:00
models/models/purchase_orders.py,8,2025-03-26T19:07:47+00:00
api/gql/model_utilities.py,7,2025-03-26T19:07:47+00:00
api/tests/integration/test_parts.py,7,2025-03-04T20:29:33+00:00
api/tests/integration/test_run_mutations.py,7,2025-01-22T01:18:53+00:00
api/tests/integration/test_run_step_mutations_parallelizable.py,6,2025-04-03T22:09:17+00:00
api/tests/integration/test_run_step_mutations_6.py,6,2025-01-09T22:01:54+00:00
models/models/part_inventories.py,6,2024-11-21T23:32:38+00:00
models/models/parts.py,5,2025-03-04T20:29:33+00:00
models/models/steps.py,5,2025-01-14T22:44:07+00:00
Makefile,5,2024-11-14T23:11:21+00:00
api/gql/lib/auth.py,4,2025-03-04T20:29:33+00:00
api/tests/integration/test_purchase_orders.py,4,2025-03-26T19:07:47+00:00
api/tests/integration/test_mbom_importer.py,4,2025-01-09T22:01:54+00:00
api/tests/integration/test_step_mutations.py,4,2025-01-02T16:00:18+00:00
models/models/utils/bulk_inserts.py,4,2024-12-05T02:12:57+00:00
models/models/mboms.py,4,2024-11-21T23:32:38+00:00
api/tests/unit/model/test_receipts.py,4,2025-02-26T22:18:01+00:00
models/models/common/versioned.py,4,2024-09-17T17:25:20+00:00
models/models/utils/database_creation_helper.py,4,2024-08-13T22:13:08+00:00
models/alembic_internal/alembic_syncs/reflection_tables_sync.py,3,2025-03-31T18:04:58+00:00
api/tests/integration/test_auth.py,3,2025-03-04T20:29:33+00:00
models/models/part_kits.py,3,2025-03-04T20:29:33+00:00
models/models/common/entities.py,3,2025-03-04T20:29:33+00:00
models/models/validations.py,3,2025-03-04T20:29:33+00:00
models/models/redlines.py,3,2025-01-25T19:45:31+00:00
api/gql/schema/types/purchase_order.py,3,2025-03-26T19:07:47+00:00
api/tests/unit/model/test_steps_trigger_synced_columns.py,3,2025-01-09T22:01:54+00:00
api/tests/integration/test_runs_queries_3.py,3,2025-01-09T15:27:35+00:00
api/tests/integration/test_purchase_order_lines.py,3,2025-03-19T20:31:16+00:00
api/tests/integration/test_receipts.py,3,2025-02-26T22:18:01+00:00
api/tests/integration/before_you_push/test_before_you_push.py,3,2024-10-25T03:25:52+00:00
models/models/procedures.py,3,2024-10-25T03:25:52+00:00
api/tests/integration/test_build_requirements.py,3,2024-10-02T17:27:54+00:00
models/models/common/polymorphic_columns.py,3,2024-11-13T16:12:51+00:00
api/tests/unit/model/test_parts.py,3,2024-09-17T17:25:20+00:00
api/tests/data.py,3,2024-08-27T21:31:01+00:00
models/models/common/models.py,3,2024-08-27T21:31:01+00:00
.env.development,3,2024-08-13T22:13:08+00:00
api/tests/integration/test_run_step_mutations_1.py,3,2024-07-29T04:37:55+00:00
models/alembic_internal/env.py,3,2024-12-09T15:48:14+00:00
barcode_label_previews/label_preview.Dockerfile,3,2024-05-17T22:17:44+00:00
models/models/users.py,2,2025-04-03T22:09:17+00:00
models/alembic_internal/config.py,2,2025-03-31T18:04:58+00:00
mrp/worker.py,2,2025-03-05T20:16:09+00:00
api/tests/integration/test_users.py,2,2025-03-04T20:29:33+00:00
models/models/run_step_sessions.py,2,2025-03-04T20:29:33+00:00
models/models/__init__.py,2,2025-03-04T20:29:33+00:00
models/models/plans.py,2,2025-03-04T20:29:33+00:00
models/models/history.py,2,2025-03-04T18:41:14+00:00
models/models/field_histories.py,2,2025-03-04T18:41:14+00:00
models/models/rules.py,2,2025-01-11T00:49:25+00:00
api/tests/integration/test_redlines_6.py,2,2025-01-25T19:45:31+00:00
models/sql/triggers/tr_run_steps_standard_step_id_column.sql,2,2025-01-09T22:01:54+00:00
models/sql/triggers/steps/tr_steps_standard_procedure_release.sql,2,2025-01-09T22:01:54+00:00
models/models/lib/filtering.py,2,2025-01-09T15:27:35+00:00
api/tests/integration/test_extensible_attributes.py,2,2024-12-13T17:57:15+00:00
api/tests/integration/test_run_step_sessions.py,2,2024-12-13T23:45:51+00:00
api/tests/integration/test_procedure_mutations.py,2,2024-12-05T02:12:57+00:00
api/gql/schema/types/run.py,2,2024-12-06T19:24:22+00:00
api/tests/integration/test_part_inventories_6.py,2,2024-11-21T23:32:38+00:00
models/models/receipts.py,2,2025-02-26T22:18:01+00:00
api/tests/integration/test_logged_actions.py,2,2024-10-24T23:16:29+00:00
api/tests/integration/test_part_inventories_1.py,2,2024-10-02T17:27:54+00:00
api/gql/executor.py,2,2024-10-09T17:04:22+00:00
api/tests/integration/test_run_step_fields_queries.py,2,2024-11-13T16:12:51+00:00
models/models/datagrid.py,2,2024-11-13T16:12:51+00:00
api/tests/unit/model/test_moa_installed_quantity_calculation.py,2,2024-08-27T21:31:01+00:00
api/tests/conftest.py,2,2024-08-13T22:13:08+00:00
models/models/utils/schema_helper.py,2,2024-08-13T22:13:08+00:00
api/tests/unit/model/receipts/test_save_receipts.py,2,2024-08-13T17:26:07+00:00
api/tests/alembic/40af7957443d_migrate_existing_abom_data_to_new_structure/test_40af7957443d_migrate_existing_abom_data_to_new_structure.py,2,2024-08-13T17:26:07+00:00
api/tests/integration/test_part_kits.py,2,2024-08-13T17:26:07+00:00
api/tests/unit/model/abom/fixtures.py,2,2024-08-06T23:58:09+00:00
api/tests/integration/test_review_workflow.py,2,2024-08-06T23:58:09+00:00
api/tests/integration/test_further_actions.py,2,2024-06-25T21:54:00+00:00
api/tests/integration/role_based_approvals/test_generic_approval_workflow.py,2,2024-07-12T20:28:13+00:00
models/models/further_actions_models/methods.py,2,2024-06-25T21:54:00+00:00
barcode_label_previews/requirements.txt,2,2024-05-17T22:17:44+00:00
barcode_label_previews/worker.py,2,2024-05-17T22:17:44+00:00
api/gql/schema/types/file_attachment.py,2,2024-06-11T22:39:10+00:00
models/models/file_attachments.py,2,2024-06-11T22:39:10+00:00
models/models/abom_models/properties.py,2,2024-03-08T18:06:03+00:00
models/models/abom_models/methods.py,2,2024-03-07T00:45:44+00:00
models/sql/functions/batching/automated_batch_run_steps.sql,1,2025-04-03T22:09:17+00:00
api/tests/unit/test_database.py,1,2025-04-03T22:09:17+00:00
models/models/common/assignable.py,1,2025-04-03T22:09:17+00:00
models/models/common/run_batchable.py,1,2025-04-03T22:09:17+00:00
models/alembic_internal/versions/beda23981325_ss_trumps_redline.py,1,2025-04-03T22:09:17+00:00
api/tests/unit/test_run_step_fields.py,1,2025-03-29T01:24:06+00:00
models/alembic_internal/versions/44404877082f_alter_run_step_field_validations_to_.py,1,2025-03-29T01:24:06+00:00
models/alembic_internal/versions/f4bb4d4669a3_add_comments_relationships.py,1,2025-03-31T18:04:58+00:00
api/tests/integration/test_comments.py,1,2025-03-31T18:04:58+00:00
api/gql/schema/types/comments.py,1,2025-03-31T18:04:58+00:00
models/models/comments.py,1,2025-03-31T18:04:58+00:00
models/models/webhooks.py,1,2025-03-31T18:04:58+00:00
models/sql/views/comment_runs.sql,1,2025-03-31T18:04:58+00:00
models/sql/views/comment_run_steps.sql,1,2025-03-31T18:04:58+00:00
api/tests/unit/test_pagination.py,1,2025-03-18T16:14:27+00:00
mrp/wilder-woods/wilder_woods/__init__.py,1,2025-03-05T20:16:09+00:00
mrp/wilder-woods/tests/integration/test_data_writer.py,1,2025-03-05T20:16:09+00:00
mrp/wilder-woods/wilder_woods/mrp_classes/data_writer.py,1,2025-03-05T20:16:09+00:00
mrp/wilder-woods/tests/integration/test_mrp_job.py,1,2025-03-05T20:16:09+00:00
models/models/session_events.py,1,2025-03-04T20:29:33+00:00
api/tests/unit/model/test_roles.py,1,2025-03-04T20:29:33+00:00
models/models/teams.py,1,2025-03-04T20:29:33+00:00
models/models/permission_groups.py,1,2025-03-04T20:29:33+00:00
models/models/requirements.py,1,2025-03-04T20:29:33+00:00
models/models/labels.py,1,2025-03-04T20:29:33+00:00
models/alembic_internal/versions/3a6ab5045943_add_part_latest_mboms.py,1,2025-03-04T20:29:33+00:00
models/sql/views/part_latest_mboms.sql,1,2025-03-04T20:29:33+00:00
api/tests/integration/test_nested_queries.py,1,2025-03-04T18:41:14+00:00
models/models/common/graph_traversal.py,1,2025-03-04T18:41:14+00:00
api/gql/schema/utils.py,1,2025-03-04T18:41:14+00:00
models/sql/functions/copy_purchase_order_into_draft.sql,1,2025-01-27T23:51:01+00:00
models/alembic_internal/versions/2abccd9c76e0_copy_requirements_on_po_lines_when_.py,1,2025-01-27T23:51:01+00:00
models/alembic_internal/versions/f3d3d2f91560_revert_rules_hotfix.py,1,2025-01-11T00:49:25+00:00
api/gql/schema/types/rule.py,1,2025-01-11T00:49:25+00:00
api/tests/unit/test_rules.py,1,2025-01-11T00:49:25+00:00
models/alembic_internal/versions/d2b4625fc626_fix_corruption_from_standard_step_id_auto_.py,1,2025-01-09T03:10:12+00:00
api/tests/integration/test_approval_workflow.py,1,2025-01-09T22:01:54+00:00
api/tests/data_snippets/input_mbom_importer_by_stored_proc_depth_case.py,1,2025-01-09T22:01:54+00:00
models/alembic_internal/versions/026a8f1c8eac_hotfix_mbom_importer_for_duplicate_assembly_definitions.py,1,2025-01-09T22:01:54+00:00
models/alembic_internal/versions/16b6e8638883_fix_autogen_views.py,1,2025-01-09T22:01:54+00:00
.github/workflows/REUSABLE-container-tests.yaml,1,2025-01-09T22:01:54+00:00
models/alembic_internal/versions/d2b4625fc626_hotfix_corruption_from_standard_step_id_auto_.py,1,2025-01-09T22:01:54+00:00
models/sql/procedures/mbom_importer.sql,1,2025-01-09T22:01:54+00:00
api/tests/data_snippets/__init__.py,1,2025-01-09T22:01:54+00:00
models/models/common/approvals.py,1,2025-01-09T22:01:54+00:00
models/alembic_internal/versions/aa74a98aace3_fix_corruption_from_standard_step_id_auto_.py,1,2025-01-09T22:01:54+00:00
models/alembic_internal/versions/547053d9c038_fix_mbom_importer_for_duplicate_assembly_definitions.py,1,2025-01-09T22:01:54+00:00
.github/workflows/TOPLEVEL-on-pr.yaml,1,2025-01-09T22:01:54+00:00
models/alembic_internal/versions/223b3e0c84fc_fk_cascade_delete_upstream_step_dags.py,1,2024-11-27T22:14:23+00:00
models/models/dag.py,1,2024-11-27T22:14:23+00:00
api/tests/unit/test_mboms.py,1,2024-11-21T23:32:38+00:00
models/alembic_internal/versions/ee0214b9c0bb_change_plan_varchars_to_text.py,1,2024-11-06T19:27:15+00:00
models/alembic_internal/versions/17f572f897b5_enable_step_triggers.py,1,2024-10-25T03:25:52+00:00
csv_exporters/column_config.py,1,2024-10-24T23:16:29+00:00
api/tests/integration/test_complex_assembly_block_validations.py,1,2024-10-24T23:16:29+00:00
api/tests/alembic/test_d2bff305d945_migrate_is_derived_step_to_trigger.py,1,2024-10-24T23:16:29+00:00
api/tests/integration/test_procedure_mbom_calc_tables_sql.py,1,2024-10-15T23:06:24+00:00
api/tests/integration/test_uprev_mbom_performance.py,1,2024-10-15T23:06:24+00:00
api/tests/integration/test_api_management.py,1,2024-10-29T16:30:06+00:00
api/tests/integration/test_graphql_auth.py,1,2024-10-29T16:30:06+00:00
api/gql/lib/parsing.py,1,2024-10-29T16:30:06+00:00
api/tests/integration/test_notifications.py,1,2024-10-25T16:04:05+00:00
models/models/lib/notifications.py,1,2024-10-25T16:04:05+00:00
models/alembic_internal/versions/01e26c94a158_backfill_flag_children_of_procedure_.py,1,2024-11-14T23:11:21+00:00
models/alembic_internal/versions/d12ec67ddf63_change_percent_installed_calculation.py,1,2024-10-02T17:27:54+00:00
models/sql/functions/get_leaf_node_build_requirement_percent_installed.sql,1,2024-10-02T17:27:54+00:00
api/tests/integration/aboms/test_abom_installations.py,1,2024-10-09T17:04:22+00:00
api/app.py,1,2024-10-09T17:04:22+00:00
api/tests/integration/test_run_step_field_mutations.py,1,2024-11-13T16:12:51+00:00
api/tests/integration/test_mbom_parallelizable.py,1,2024-09-17T17:25:20+00:00
models/alembic_internal/versions/ba0ce3c90fc6_functions_to_optimize_create_runs.py,1,2024-08-27T21:31:01+00:00
models/sql/functions/copy_procedure_step_onto_run.sql,1,2024-08-27T21:31:01+00:00
models/sql/functions/copy_procedure_step_onto_run_unlatched.sql,1,2024-08-27T21:31:01+00:00
api/tests/unit/test_create_runs_hierarchy.py,1,2024-08-27T21:31:01+00:00
api/tests/unit/model/test_plan_items.py,1,2024-08-27T21:31:01+00:00
models/models/run_step_fields.py,1,2024-08-27T21:31:01+00:00
models/sql/functions/create_run_steps_from_procedure.sql,1,2024-08-27T21:31:01+00:00
api/tests/integration/test_batch_operations.py,1,2024-08-13T22:13:08+00:00
models/sql/dev.py,1,2024-08-13T22:13:08+00:00
models/models/lib/query_watcher.py,1,2024-08-13T22:13:08+00:00
api/tests/integration/test_mboms.py,1,2024-08-13T22:13:08+00:00
api/tests/db.py,1,2024-08-13T17:26:07+00:00
models/models/utils/utils.py,1,2024-08-13T17:26:07+00:00
pytest.ini,1,2024-08-13T17:26:07+00:00
api/tests/org_data/org2.py,1,2024-08-06T23:58:09+00:00
api/tests/unit/model/test_part_inventory.py,1,2024-08-06T23:58:09+00:00
api/tests/unit/model/test_run_steps_status_counts.py,1,2024-08-06T23:58:09+00:00
api/tests/unit/model/test_outside_processing_run_step_lead_time_sync.py,1,2024-08-06T23:58:09+00:00
api/tests/integration/test_part_inventories_5.py,1,2024-08-06T23:58:09+00:00
api/tests/unit/model/test_build_requirements_trigger_synced_columns.py,1,2024-08-06T23:58:09+00:00
api/tests/unit/model/test_runs_status.py,1,2024-08-06T23:58:09+00:00
api/tests/unit/model/test_redlines.py,1,2024-08-06T23:58:09+00:00
api/tests/unit/test_mbom_importer_proc.py,1,2024-08-06T23:58:09+00:00
api/tests/unit/model/test_part_inventory_splitting.py,1,2024-08-06T23:58:09+00:00
api/tests/org_data/org0.py,1,2024-08-06T23:58:09+00:00
api/tests/unit/model/test_approval_levels.py,1,2024-08-06T23:58:09+00:00
models/alembic_internal/versions/23dcd2147054_several_server_defaults.py,1,2024-07-29T04:37:55+00:00
models/sql/functions/get_required_cols.sql,1,2024-07-29T04:37:55+00:00
README.md,1,2024-07-29T04:37:55+00:00
api/tests/unit/model/test_run_steps.py,1,2024-07-29T04:37:55+00:00
models/alembic_internal/versions/cfeb9df068ba_backfill_ss_version_for_versionless_latched_standard_steps.py,1,2024-07-29T04:37:55+00:00
models/models/lib/constants.py,1,2024-07-29T04:37:55+00:00
CODEOWNERS,1,2024-07-29T04:37:55+00:00
api/tests/integration/test_merge_run_steps.py,1,2024-07-29T04:37:55+00:00
api/gql/schema/types/timeline.py,1,2024-07-29T04:37:55+00:00
.gitignore,1,2024-07-29T04:37:55+00:00
models/models/approvals.py,1,2024-07-29T04:37:55+00:00
models/models/reviews.py,1,2024-06-28T23:16:21+00:00
models/models/lib/rules/__init__.py,1,2024-06-28T23:16:21+00:00
api/tests/integration/test_rule_executions.py,1,2024-06-28T23:16:21+00:00
models/models/common/role_based_approvals.py,1,2024-06-18T03:47:24+00:00
api/tests/integration/test_run_batches_api.py,1,2024-07-12T20:28:13+00:00
api/tests/integration/role_based_approvals/test_issue_approval_workflow.py,1,2024-07-12T20:28:13+00:00
api/tests/integration/test_runs_queries_2.py,1,2024-07-12T20:28:13+00:00
api/tests/integration/test_redlines_1.py,1,2024-07-12T20:28:13+00:00
models/alembic_internal/versions/799a1dc28962_validate_that_run_inventory_is_not_.py,1,2024-06-13T23:42:12+00:00
models/sql/triggers/tr_runs_part_inventory_id_is_not_scrapped.sql,1,2024-06-13T23:42:12+00:00
api/tests/integration/test_labels.py,1,2025-01-21T17:57:59+00:00
batches/batches.Dockerfile,1,2024-05-17T22:17:44+00:00
models/models/lib/dispatch.py,1,2024-05-17T20:19:33+00:00
integrations/integration.py,1,2024-05-17T20:19:33+00:00
integrations/duro_change_order_approved/worker.py,1,2024-05-17T20:19:33+00:00
barcode_label_previews/utils/queries_and_mutations.py,1,2024-05-17T20:19:33+00:00
worker/base.py,1,2024-05-17T20:19:33+00:00
barcode_label_previews/tests/test_barcode_label_preview_worker.py,1,2024-05-17T20:19:33+00:00
webhooks/workers/send_to_receiver.py,1,2024-05-17T20:19:33+00:00
api/tests/integration/test_new_customer_login.py,1,2024-05-17T20:19:33+00:00
barcode_label_previews/tests/conftest.py,1,2024-05-17T20:19:33+00:00
analytics_pipeline/workers/json_extract_worker.py,1,2024-05-17T20:19:33+00:00
csv_exporters/export.py,1,2024-05-17T20:19:33+00:00
webhooks/tests/test_webhook_send_to_receiver_worker.py,1,2024-05-17T20:19:33+00:00
batches/worker.py,1,2024-05-17T20:19:33+00:00
analytics_pipeline/crons/export_cron.py,1,2024-05-17T20:19:33+00:00
integrations/tests/test_duro_change_order_approved_worker.py,1,2024-05-17T20:19:33+00:00
worker/errs.py,1,2024-05-17T20:19:33+00:00
barcode_label_previews/utils/__init__.py,1,2024-05-17T20:19:33+00:00
models/setup.py,1,2024-05-17T20:19:33+00:00
webhooks/workers/fan_out.py,1,2024-05-17T20:19:33+00:00
csv_exporters/worker.py,1,2024-05-17T20:19:33+00:00
worker/logs.py,1,2024-05-17T20:19:33+00:00
analytics_pipeline/workers/parquet_transform_worker.py,1,2024-05-17T20:19:33+00:00
explore/explore/utils/__init__.py,1,2024-05-17T20:19:33+00:00
notifications/worker.py,1,2024-05-17T20:19:33+00:00
models/models/barcodes.py,1,2024-05-17T20:19:33+00:00
api/tests/integration/test_barcodes.py,1,2024-05-17T20:19:33+00:00
api/gql/schema/types/datagrid.py,1,2024-05-17T20:19:33+00:00
api/tests/integration/test_redlines_3.py,1,2024-05-03T16:19:18+00:00
api/tests/unit/model/test_logged_actions.py,1,2024-04-18T22:45:44+00:00
api/gql/schema/__init__.py,1,2024-06-11T22:39:10+00:00
models/alembic_internal/versions/c3e7de04bf0c_ion_10132_permissions_sync.py,1,2024-06-11T22:39:10+00:00
models/models/lib/s3.py,1,2024-06-11T22:39:10+00:00
api/tests/integration/test_file_attachments_graphql.py,1,2024-06-11T22:39:10+00:00
api/gql/schema/mutations.py,1,2024-12-09T15:48:14+00:00
api/tests/integration/test_field_histories.py,1,2024-12-09T15:48:14+00:00
api/gql/schema/types/__init__.py,1,2024-12-09T15:48:14+00:00
models/sql/views/field_histories.sql,1,2024-12-09T15:48:14+00:00
models/alembic_internal/versions/6d3244dda117_field_histories_view_created.py,1,2024-12-09T15:48:14+00:00
api/gql/schema/types/field_history.py,1,2024-12-09T15:48:14+00:00
api/tests/fixtures/rules_snippets.py,1,2024-07-17T22:41:09+00:00
models/models/lib/rules/processing.py,1,2024-07-17T22:41:09+00:00
models/models/lib/rules/context.py,1,2024-07-17T22:41:09+00:00
api/tests/unit/test_rules_context.py,1,2024-07-17T22:41:09+00:00
api/tests/unit/test_wasm.py,1,2024-07-17T22:41:09+00:00
models/alembic/versions/7508686a3199_ion_9448_migrate_previously_failed_mrp_.py,1,2024-02-16T23:02:05+00:00
models/alembic/versions/sql/7508686a3199_ion_9448_migrate_previously_failed_mrp_/upgrade/01_migrate_in_progress_mrp_jobs.sql,1,2024-02-16T23:02:05+00:00
models/alembic/versions/sql/7508686a3199_ion_9448_migrate_previously_failed_mrp_/downgrade/01_migrate_in_progress_mrp_jobs_downgrade.sql,1,2024-02-16T23:02:05+00:00
api/tests/integration/test_part_inventories_4.py,1,2024-02-16T19:44:03+00:00
api/tests/integration/test_mbom_items.py,1,2024-03-07T00:45:44+00:00
models/models/lib/exceptions.py,1,2024-03-07T00:45:44+00:00
api/tests/integration/test_part_inventories_2.py,1,2024-03-07T00:45:44+00:00
api/tests/unit/model/abom/test_build_requirements.py,1,2024-03-07T00:45:44+00:00
api/tests/unit/model/abom/test_part_inventory_build_requirements.py,1,2024-03-07T00:45:44+00:00
models/sql/triggers/tr_mbom_item_part_interchangeability.sql,1,2024-03-07T00:45:44+00:00
models/alembic/versions/22676e67926e_trigger_to_enforce_mbom_part_.py,1,2024-03-07T00:45:44+00:00
api/tests/unit/test_rounding_floats.py,1,2024-02-01T01:43:18+00:00
models/models/utils/reflection_tables_sync.py,1,2024-02-01T01:43:18+00:00
models/alembic/versions/8dbe3cb79563_remove_old_abom_foreign_keys.py,1,2024-02-01T01:43:18+00:00
models/alembic/env.py,1,2024-02-01T01:43:18+00:00
models/models/utils/abstract_base.py,1,2024-02-01T01:43:18+00:00
models/models/aboms.py,1,2024-02-01T01:43:18+00:00
docker-compose.yml,1,2024-01-18T18:29:19+00:00
api/tests/integration/test_part_inventories_3.py,1,2024-01-18T18:29:19+00:00

